id;timestamp;comment;owner_id
1;2019-07-20T20:21:10;Pants Maryland;2
2;2019-07-20T07:41:53;Intranet Ergonomic Concrete Soap Zambian Kwacha;1
3;2019-07-21T00:35:49;Bedfordshire;2
4;2019-07-20T20:13:04;calculating Metal array;2
5;2019-07-20T20:54:46;redundant;2
6;2019-07-20T21:48:36;Personal Loan Account Sleek Beauty;2
7;2019-07-20T08:48:00;deposit;2
8;2019-07-20T18:26:10;Unbranded Fresh Pants Tools California;1
9;2019-07-20T14:04:49;Garden Dale Wallis and Futuna;1
10;2019-07-20T07:49:29;TCP Assimilated;1
