id;score;message;timestamp
1;2;Directives application Home Loan Account;2019-12-19T04:09:43
2;3;Small;2019-12-18T20:53:04
3;5;Savings Account alarm;2019-12-19T07:24:44
4;1;transmitter Implementation Electronics;2019-12-18T08:05:37
5;1;methodology Albania;2019-12-18T21:32:23
6;1;Namibia;2019-12-18T22:18:35
7;1;zero administration;2019-12-18T23:06:50
8;2;Licensed Savings Account;2019-12-18T22:43:39
9;3;Mississippi Refined Rubber Chicken Table;2019-12-19T06:20:43
10;1;Usability South Dakota envisioneer;2019-12-19T07:31:23
